Grupo,N_loc,PM25_mean,IC_inf_0.95,IC_sup_0.95
Alta,1,,,
Baja,2,14.267309717160481,3.7612859511058367,24.773333483215126
