Grupo,N_total,BPN_total,Proporción_BPN_% (p=0.95),IC_inf_%,IC_sup_%
Alta,9014,1280,14.200133126248057,13.49480100660842,14.935965607866747
Baja,13052,1997,15.300337113086119,14.692962447387409,15.928131347526142
