Localidad,PM25_prom_anual,Nacidos,Bajo_Peso,Porcentaje_Bajo_Peso,Prop_Masculino,Edad_Materna_Prom,Mort_Infantil,Categoria_Exposicion,y,n,pred_prob_BPN
Barrios Unidos,15.421803837401857,1008.0,143.0,14.187,0.5268,29.31,10.9,Media,143,1008,1.0
Kennedy,23.584606581839708,9014.0,1280.0,14.2,0.5144,27.72,9.8,Alta,1280,9014,1.0
Puente Aranda,16.349897672671112,1812.0,268.0,14.79,0.4975,28.79,10.5,Media,268,1812,1.0
Suba,15.094151719472238,9495.0,1408.0,14.829,0.5125,28.9,8.0,Baja,1408,9495,1.0
Teusaquillo,16.561743995529945,953.0,135.0,14.166,0.51,30.85,7.3,Media,135,953,1.0
Tunjuelito,17.105157877256858,1575.0,238.0,15.111,0.5029,27.39,8.3,Media,238,1575,1.0
Usme,13.440467714848724,3557.0,589.0,16.559,0.5084,26.44,11.5,Baja,589,3557,1.0
